dt,x,y,position,velocity,acceleration,jerk,heading
1.000000,2.177467,2.849131,2.400000,4.800000,4.800000,4.800000,5.578235
1.000000,6.624481,1.029091,7.205047,4.805047,0.005047,-4.794953,0.526218
1.000000,9.218194,5.264721,12.171728,4.966681,0.161633,0.156586,1.472950
1.000000,5.085420,7.443517,16.843662,4.671934,-0.294747,-0.456380,3.234481
1.000000,2.543917,5.956031,19.788463,2.944801,-1.727133,-1.432386,3.436522
1.000000,2.133827,5.905972,20.201597,0.413134,-2.531667,-0.804534,3.091634
1.000000,2.133827,5.905972,20.201597,0.000000,-0.413134,2.118533,3.091634
