dt,x,y,position,velocity,acceleration,jerk,heading
1.000000,2.588944,3.332775,2.400000,4.800000,4.800000,4.800000,5.578235
1.000000,6.305542,1.578183,6.509950,4.109950,-0.690050,-5.490050,0.526218
1.000000,8.586231,5.326755,10.897812,4.387862,0.277912,0.967963,1.472950
1.000000,5.144320,6.811255,14.646211,3.748399,-0.639463,-0.917375,3.234481
1.000000,2.728494,5.348449,17.470395,2.824184,-0.924215,-0.284752,3.436522
1.000000,2.102117,5.271765,18.101448,0.631054,-2.193130,-1.268915,3.091634
1.000000,2.102117,5.271765,18.101448,0.000000,-0.631054,1.562077,3.091634
