dt,x,y,position,velocity,acceleration,jerk,heading
1.000000,2.383206,3.090953,2.400000,4.800000,4.800000,4.800000,5.578235
1.000000,6.465011,1.303637,7.200000,4.800000,0.000000,-4.800000,0.526218
1.000000,8.902213,5.295738,12.000000,4.800000,0.000000,0.000000,1.472950
1.000000,5.114870,7.127386,16.800000,4.800000,0.000000,0.000000,3.234481
1.000000,2.636206,5.652240,19.724737,1.049474,-3.750526,-3.750526,3.436522
1.000000,2.117972,5.588869,20.249474,0.000000,-1.049474,2.701053,3.091634
1.000000,2.117972,5.588869,20.249474,0.000000,0.000000,1.049474,3.091634
